{
    "model": "nllb-200-distilled-600M",
    "English": {
        "wer": 0.8794221282593375,
        "bleu": {
            "bleu": 0.15281648859417923,
            "precisions": [
                0.44044995217698674,
                0.20524216277153884,
                0.10534897413832148,
                0.05726475468120407
            ],
            "brevity_penalty": 1.0,
            "length_ratio": 1.1287816555964982,
            "translation_length": 48094,
            "reference_length": 42607
        }
    },
    "Mandarin Chinese": {
        "wer": 0.662255085306557,
        "bleu": {
            "bleu": 0.23592494100032277,
            "precisions": [
                0.6652240871785874,
                0.4151918749619899,
                0.26200882582715734,
                0.1772079395501509
            ],
            "brevity_penalty": 0.7010837126374322,
            "length_ratio": 0.7379376816180914,
            "translation_length": 51297,
            "reference_length": 69514
        }
    }
}