{
    "model": "small100",
    "English": {
        "wer": 0.918651632605121,
        "bleu": {
            "bleu": 0.10760308367549738,
            "precisions": [
                0.3973269532216814,
                0.15835071049293806,
                0.0685297418630752,
                0.03109221989996008
            ],
            "brevity_penalty": 1.0,
            "length_ratio": 1.1379350810899618,
            "translation_length": 48484,
            "reference_length": 42607
        }
    },
    "Mandarin Chinese": {
        "wer": 0.6563282216531922,
        "bleu": {
            "bleu": 0.2529748130045553,
            "precisions": [
                0.6214299980027961,
                0.3726168352949274,
                0.22579611027997434,
                0.1467515688445921
            ],
            "brevity_penalty": 0.8547494098067728,
            "length_ratio": 0.8643438731766263,
            "translation_length": 60084,
            "reference_length": 69514
        }
    }
}