{
    "model": "mbart-large-50-many-to-many-mmt",
    "English": {
        "wer": 0.726053157976691,
        "sacrebleu": {
            "score": 20.211528646219104,
            "counts": [
                45720,
                22188,
                12102,
                6929
            ],
            "totals": [
                90417,
                86544,
                82671,
                78798
            ],
            "precisions": [
                50.56571220013935,
                25.637825845812536,
                14.638748775265812,
                8.793370390111424
            ],
            "bp": 1.0,
            "sys_len": 90417,
            "ref_len": 83560
        },
        "chr_f": {
            "score": 50.863456553736405,
            "char_order": 6,
            "word_order": 0,
            "beta": 2
        }
    },
    "Indonesian": {
        "wer": 0.48364077016291906,
        "sacrebleu": {
            "score": 31.214049056060688,
            "counts": [
                23431,
                13566,
                8133,
                5010
            ],
            "totals": [
                36684,
                34779,
                32874,
                30969
            ],
            "precisions": [
                63.87253298440737,
                39.00629690330372,
                24.739916043073553,
                16.177467790371015
            ],
            "bp": 0.9877810765743146,
            "sys_len": 36684,
            "ref_len": 37135
        },
        "chr_f": {
            "score": 61.66845872175385,
            "char_order": 6,
            "word_order": 0,
            "beta": 2
        }
    }
}