{
    "model": "mbart-large-50-many-to-many-mmt",
    "English": {
        "wer": 0.573551335630667,
        "sacrebleu": {
            "score": 27.645834690481355,
            "counts": [
                24912,
                13662,
                8140,
                4978
            ],
            "totals": [
                42114,
                40209,
                38304,
                36399
            ],
            "precisions": [
                59.153725601937595,
                33.97746773110498,
                21.251044277360066,
                13.676199895601528
            ],
            "bp": 1.0,
            "sys_len": 42114,
            "ref_len": 40953
        },
        "chr_f": {
            "score": 55.1239785611751,
            "char_order": 6,
            "word_order": 2,
            "beta": 2
        }
    },
    "Indonesian": {
        "wer": 0.48364077016291906,
        "sacrebleu": {
            "score": 31.214049056060688,
            "counts": [
                23431,
                13566,
                8133,
                5010
            ],
            "totals": [
                36684,
                34779,
                32874,
                30969
            ],
            "precisions": [
                63.87253298440737,
                39.00629690330372,
                24.739916043073553,
                16.177467790371015
            ],
            "bp": 0.9877810765743146,
            "sys_len": 36684,
            "ref_len": 37135
        },
        "chr_f": {
            "score": 58.98412686126429,
            "char_order": 6,
            "word_order": 2,
            "beta": 2
        }
    }
}