{
    "model": "mbart-large-50-many-to-many-mmt",
    "English": {
        "wer": 0.8726333098426121,
        "sacrebleu": {
            "score": 13.434209439385095,
            "counts": [
                20808,
                8526,
                3962,
                1951
            ],
            "totals": [
                48303,
                46335,
                44367,
                42399
            ],
            "precisions": [
                43.07806968511272,
                18.400776950469407,
                8.930060630648907,
                4.601523620840114
            ],
            "bp": 1.0,
            "sys_len": 48303,
            "ref_len": 42607
        },
        "chr_f": {
            "score": 41.87027939011618,
            "char_order": 6,
            "word_order": 2,
            "beta": 2
        }
    },
    "Mandarin Chinese": {
        "wer": 0.6176597519924044,
        "sacrebleu": {
            "score": 28.57538403533446,
            "counts": [
                39292,
                23826,
                14723,
                9667
            ],
            "totals": [
                59734,
                57781,
                55828,
                53876
            ],
            "precisions": [
                65.77828372451201,
                41.235008047628114,
                26.372071362040554,
                17.943054421263643
            ],
            "bp": 0.8489747353218129,
            "sys_len": 59734,
            "ref_len": 69514
        },
        "chr_f": {
            "score": 33.296338729605424,
            "char_order": 6,
            "word_order": 2,
            "beta": 2
        }
    }
}