{
    "model": "mbart-large-50-many-to-many-mmt",
    "English": {
        "wer": 0.8726333098426121,
        "bleu": {
            "bleu": 0.1343420943938509,
            "precisions": [
                0.43078069685112724,
                0.18400776950469408,
                0.08930060630648906,
                0.046015236208401145
            ],
            "brevity_penalty": 1.0,
            "length_ratio": 1.1336869528481235,
            "translation_length": 48303,
            "reference_length": 42607
        }
    },
    "Mandarin Chinese": {
        "wer": 0.6176597519924044,
        "bleu": {
            "bleu": 0.28575384035334456,
            "precisions": [
                0.65778283724512,
                0.41235008047628113,
                0.26372071362040556,
                0.17943054421263643
            ],
            "brevity_penalty": 0.8489747353218129,
            "length_ratio": 0.8593089161895445,
            "translation_length": 59734,
            "reference_length": 69514
        }
    }
}