{
    "model": "mbart-large-50-many-to-many-mmt",
    "English": {
        "wer": 0.726053157976691,
        "sacrebleu": {
            "score": 20.211528646219104,
            "counts": [
                45720,
                22188,
                12102,
                6929
            ],
            "totals": [
                90417,
                86544,
                82671,
                78798
            ],
            "precisions": [
                50.56571220013935,
                25.637825845812536,
                14.638748775265812,
                8.793370390111424
            ],
            "bp": 1.0,
            "sys_len": 90417,
            "ref_len": 83560
        },
        "chr_f": {
            "score": 50.863456553736405,
            "char_order": 6,
            "word_order": 0,
            "beta": 2
        }
    },
    "Mandarin Chinese": {
        "wer": 0.6176597519924044,
        "sacrebleu": {
            "score": 28.57538403533446,
            "counts": [
                39292,
                23826,
                14723,
                9667
            ],
            "totals": [
                59734,
                57781,
                55828,
                53876
            ],
            "precisions": [
                65.77828372451201,
                41.235008047628114,
                26.372071362040554,
                17.943054421263643
            ],
            "bp": 0.8489747353218129,
            "sys_len": 59734,
            "ref_len": 69514
        },
        "chr_f": {
            "score": 28.64663839530993,
            "char_order": 6,
            "word_order": 0,
            "beta": 2
        }
    }
}