{
    "model": "nllb-200-distilled-600M",
    "English": {
        "wer": 0.693521147004923,
        "sacrebleu": {
            "score": 25.601084568236885,
            "counts": [
                48851,
                26653,
                16076,
                10204
            ],
            "totals": [
                89893,
                86020,
                82147,
                78274
            ],
            "precisions": [
                54.34349726897534,
                30.984654731457802,
                19.56979561030835,
                13.03625725017247
            ],
            "bp": 1.0,
            "sys_len": 89893,
            "ref_len": 83560
        },
        "chr_f": {
            "score": 54.93305479121504,
            "char_order": 6,
            "word_order": 0,
            "beta": 2
        }
    },
    "Mandarin Chinese": {
        "wer": 0.662255085306557,
        "sacrebleu": {
            "score": 23.592494100032273,
            "counts": [
                34124,
                20481,
                12409,
                8044
            ],
            "totals": [
                51297,
                49329,
                47361,
                45393
            ],
            "precisions": [
                66.52240871785874,
                41.51918749619899,
                26.200882582715735,
                17.72079395501509
            ],
            "bp": 0.7010837126374322,
            "sys_len": 51297,
            "ref_len": 69514
        },
        "chr_f": {
            "score": 25.56848914023011,
            "char_order": 6,
            "word_order": 0,
            "beta": 2
        }
    }
}