{
    "model": "nllb-200-distilled-600M",
    "English": {
        "wer": 0.5001099787374441,
        "sacrebleu": {
            "score": 36.88397128215114,
            "counts": [
                27668,
                17186,
                11424,
                7788
            ],
            "totals": [
                41799,
                39894,
                37989,
                36084
            ],
            "precisions": [
                66.19297112371109,
                43.07915977339951,
                30.071862907683805,
                21.58297306285334
            ],
            "bp": 1.0,
            "sys_len": 41799,
            "ref_len": 40953
        },
        "chr_f": {
            "score": 62.51855570990935,
            "char_order": 6,
            "word_order": 2,
            "beta": 2
        }
    },
    "Indonesian": {
        "wer": 0.4148646829136933,
        "sacrebleu": {
            "score": 39.126428589407865,
            "counts": [
                25721,
                16192,
                10649,
                7179
            ],
            "totals": [
                36126,
                34221,
                32316,
                30411
            ],
            "precisions": [
                71.19802912030117,
                47.31597557055609,
                32.95271692041094,
                23.6065897208247
            ],
            "bp": 0.9724564142961897,
            "sys_len": 36126,
            "ref_len": 37135
        },
        "chr_f": {
            "score": 65.01015229463455,
            "char_order": 6,
            "word_order": 2,
            "beta": 2
        }
    }
}