{
    "model": "nllb-200-distilled-600M",
    "English": {
        "wer": 0.8794221282593375,
        "sacrebleu": {
            "score": 15.281648859417924,
            "counts": [
                21183,
                9467,
                4652,
                2416
            ],
            "totals": [
                48094,
                46126,
                44158,
                42190
            ],
            "precisions": [
                44.04499521769868,
                20.524216277153883,
                10.534897413832148,
                5.726475468120408
            ],
            "bp": 1.0,
            "sys_len": 48094,
            "ref_len": 42607
        },
        "chr_f": {
            "score": 43.09423350225139,
            "char_order": 6,
            "word_order": 2,
            "beta": 2
        }
    },
    "Mandarin Chinese": {
        "wer": 0.662255085306557,
        "sacrebleu": {
            "score": 23.592494100032273,
            "counts": [
                34124,
                20481,
                12409,
                8044
            ],
            "totals": [
                51297,
                49329,
                47361,
                45393
            ],
            "precisions": [
                66.52240871785874,
                41.51918749619899,
                26.200882582715735,
                17.72079395501509
            ],
            "bp": 0.7010837126374322,
            "sys_len": 51297,
            "ref_len": 69514
        },
        "chr_f": {
            "score": 29.658283495474315,
            "char_order": 6,
            "word_order": 2,
            "beta": 2
        }
    }
}