{
    "model": "nllb-200-distilled-600M",
    "English": {
        "wer": 0.693521147004923,
        "sacrebleu": {
            "score": 25.601084568236885,
            "counts": [
                48851,
                26653,
                16076,
                10204
            ],
            "totals": [
                89893,
                86020,
                82147,
                78274
            ],
            "precisions": [
                54.34349726897534,
                30.984654731457802,
                19.56979561030835,
                13.03625725017247
            ],
            "bp": 1.0,
            "sys_len": 89893,
            "ref_len": 83560
        },
        "chr_f": {
            "score": 54.93305479121504,
            "char_order": 6,
            "word_order": 0,
            "beta": 2
        }
    },
    "Indonesian": {
        "wer": 0.4148646829136933,
        "sacrebleu": {
            "score": 39.126428589407865,
            "counts": [
                25721,
                16192,
                10649,
                7179
            ],
            "totals": [
                36126,
                34221,
                32316,
                30411
            ],
            "precisions": [
                71.19802912030117,
                47.31597557055609,
                32.95271692041094,
                23.6065897208247
            ],
            "bp": 0.9724564142961897,
            "sys_len": 36126,
            "ref_len": 37135
        },
        "chr_f": {
            "score": 67.36867482021614,
            "char_order": 6,
            "word_order": 0,
            "beta": 2
        }
    }
}