{
    "model": "small100",
    "English": {
        "wer": 0.5134785052667595,
        "sacrebleu": {
            "score": 31.117310620126922,
            "counts": [
                26091,
                14804,
                9012,
                5625
            ],
            "totals": [
                40650,
                38745,
                36840,
                34935
            ],
            "precisions": [
                64.18450184501845,
                38.2088011356304,
                24.462540716612377,
                16.10133104336625
            ],
            "bp": 0.992573836689322,
            "sys_len": 40650,
            "ref_len": 40953
        },
        "chr_f": {
            "score": 58.620705045915244,
            "char_order": 6,
            "word_order": 2,
            "beta": 2
        }
    },
    "Indonesian": {
        "wer": 0.45539248687222295,
        "sacrebleu": {
            "score": 34.868549838937305,
            "counts": [
                24611,
                14761,
                9282,
                5984
            ],
            "totals": [
                36742,
                34837,
                32932,
                31027
            ],
            "precisions": [
                66.9832888792118,
                42.371616384878145,
                28.18535163366938,
                19.28642794985013
            ],
            "bp": 0.9893607950218426,
            "sys_len": 36742,
            "ref_len": 37135
        },
        "chr_f": {
            "score": 62.01294725853983,
            "char_order": 6,
            "word_order": 2,
            "beta": 2
        }
    }
}