{
    "model": "small100",
    "English": {
        "wer": 0.720076179524956,
        "sacrebleu": {
            "score": 20.477031370131524,
            "counts": [
                45355,
                22170,
                12065,
                6949
            ],
            "totals": [
                89134,
                85262,
                81390,
                77518
            ],
            "precisions": [
                50.88406219848767,
                26.00220496821562,
                14.82368841381005,
                8.96436956577827
            ],
            "bp": 1.0,
            "sys_len": 89134,
            "ref_len": 83560
        },
        "chr_f": {
            "score": 51.18241855648874,
            "char_order": 6,
            "word_order": 0,
            "beta": 2
        }
    },
    "Mandarin Chinese": {
        "wer": 0.6563282216531922,
        "sacrebleu": {
            "score": 25.297481300455534,
            "counts": [
                37338,
                21655,
                12678,
                7951
            ],
            "totals": [
                60084,
                58116,
                56148,
                54180
            ],
            "precisions": [
                62.14299980027961,
                37.261683529492736,
                22.579611027997434,
                14.67515688445921
            ],
            "bp": 0.8547494098067728,
            "sys_len": 60084,
            "ref_len": 69514
        },
        "chr_f": {
            "score": 26.80243990574954,
            "char_order": 6,
            "word_order": 0,
            "beta": 2
        }
    }
}