{
    "model": "small100",
    "English": {
        "wer": 0.720076179524956,
        "sacrebleu": {
            "score": 20.477031370131524,
            "counts": [
                45355,
                22170,
                12065,
                6949
            ],
            "totals": [
                89134,
                85262,
                81390,
                77518
            ],
            "precisions": [
                50.88406219848767,
                26.00220496821562,
                14.82368841381005,
                8.96436956577827
            ],
            "bp": 1.0,
            "sys_len": 89134,
            "ref_len": 83560
        },
        "chr_f": {
            "score": 51.18241855648874,
            "char_order": 6,
            "word_order": 0,
            "beta": 2
        }
    },
    "Indonesian": {
        "wer": 0.45539248687222295,
        "sacrebleu": {
            "score": 34.868549838937305,
            "counts": [
                24611,
                14761,
                9282,
                5984
            ],
            "totals": [
                36742,
                34837,
                32932,
                31027
            ],
            "precisions": [
                66.9832888792118,
                42.371616384878145,
                28.18535163366938,
                19.28642794985013
            ],
            "bp": 0.9893607950218426,
            "sys_len": 36742,
            "ref_len": 37135
        },
        "chr_f": {
            "score": 64.61570235176798,
            "char_order": 6,
            "word_order": 0,
            "beta": 2
        }
    }
}