{
    "model": "small100",
    "English": {
        "wer": 0.918651632605121,
        "sacrebleu": {
            "score": 10.760308367549738,
            "counts": [
                19264,
                7366,
                3053,
                1324
            ],
            "totals": [
                48484,
                46517,
                44550,
                42583
            ],
            "precisions": [
                39.73269532216814,
                15.835071049293807,
                6.852974186307519,
                3.1092219899960076
            ],
            "bp": 1.0,
            "sys_len": 48484,
            "ref_len": 42607
        },
        "chr_f": {
            "score": 39.02725757476284,
            "char_order": 6,
            "word_order": 2,
            "beta": 2
        }
    },
    "Mandarin Chinese": {
        "wer": 0.6563282216531922,
        "sacrebleu": {
            "score": 25.297481300455534,
            "counts": [
                37338,
                21655,
                12678,
                7951
            ],
            "totals": [
                60084,
                58116,
                56148,
                54180
            ],
            "precisions": [
                62.14299980027961,
                37.261683529492736,
                22.579611027997434,
                14.67515688445921
            ],
            "bp": 0.8547494098067728,
            "sys_len": 60084,
            "ref_len": 69514
        },
        "chr_f": {
            "score": 31.126567600286304,
            "char_order": 6,
            "word_order": 2,
            "beta": 2
        }
    }
}