{
    "model": "mbart-large-50-many-to-many-mmt",
    "English": {
        "wer": 0.5356000365597294,
        "sacrebleu": {
            "score": 30.800684830004645,
            "counts": [
                13843,
                7948,
                4921,
                3144
            ],
            "totals": [
                22403,
                21391,
                20379,
                19367
            ],
            "precisions": [
                61.79083158505557,
                37.15581319246412,
                24.14740664409441,
                16.233799762482573
            ],
            "bp": 1.0,
            "sys_len": 22403,
            "ref_len": 21896
        },
        "chr_f": {
            "score": 57.643373069544026,
            "char_order": 6,
            "word_order": 2,
            "beta": 2
        }
    },
    "Indonesian": {
        "wer": 0.4651092233009709,
        "sacrebleu": {
            "score": 33.97061876780452,
            "counts": [
                12816,
                7714,
                4818,
                3076
            ],
            "totals": [
                19642,
                18630,
                17618,
                16606
            ],
            "precisions": [
                65.247938091844,
                41.40633387010199,
                27.347031445112954,
                18.52342526797543
            ],
            "bp": 0.9932011019301664,
            "sys_len": 19642,
            "ref_len": 19776
        },
        "chr_f": {
            "score": 60.8688078926386,
            "char_order": 6,
            "word_order": 2,
            "beta": 2
        }
    }
}