{
    "model": "mbart-large-50-many-to-many-mmt",
    "English": {
        "wer": 0.5880175486701399,
        "sacrebleu": {
            "score": 28.284930812050064,
            "counts": [
                26588,
                14659,
                8697,
                5347
            ],
            "totals": [
                44120,
                42096,
                40072,
                38048
            ],
            "precisions": [
                60.262919310970084,
                34.82278601292284,
                21.703433819125575,
                14.053301093355762
            ],
            "bp": 1.0,
            "sys_len": 44120,
            "ref_len": 43792
        },
        "chr_f": {
            "score": 57.93509466886406,
            "char_order": 6,
            "word_order": 0,
            "beta": 2
        }
    },
    "Mandarin Chinese": {
        "wer": 0.6003126776577601,
        "sacrebleu": {
            "score": 31.174954306974048,
            "counts": [
                20555,
                12799,
                8239,
                5605
            ],
            "totals": [
                31453,
                30441,
                29429,
                28417
            ],
            "precisions": [
                65.35147680666391,
                42.04526789527282,
                27.996194230181114,
                19.72410880810782
            ],
            "bp": 0.8882569131010154,
            "sys_len": 31453,
            "ref_len": 35180
        },
        "chr_f": {
            "score": 31.183855036705072,
            "char_order": 6,
            "word_order": 0,
            "beta": 2
        }
    }
}