{
    "model": "mbart-large-50-many-to-many-mmt",
    "English": {
        "wer": 0.6404350607805502,
        "sacrebleu": {
            "score": 25.399022257006227,
            "counts": [
                12745,
                6711,
                3776,
                2203
            ],
            "totals": [
                21717,
                20705,
                19693,
                18681
            ],
            "precisions": [
                58.686743104480364,
                32.412460758270946,
                19.174325902604988,
                11.792730581874633
            ],
            "bp": 0.9917914846136509,
            "sys_len": 21717,
            "ref_len": 21896
        },
        "chr_f": {
            "score": 53.176012464929926,
            "char_order": 6,
            "word_order": 2,
            "beta": 2
        }
    },
    "Mandarin Chinese": {
        "wer": 0.6003126776577601,
        "sacrebleu": {
            "score": 31.174954306974048,
            "counts": [
                20555,
                12799,
                8239,
                5605
            ],
            "totals": [
                31453,
                30441,
                29429,
                28417
            ],
            "precisions": [
                65.35147680666391,
                42.04526789527282,
                27.996194230181114,
                19.72410880810782
            ],
            "bp": 0.8882569131010154,
            "sys_len": 31453,
            "ref_len": 35180
        },
        "chr_f": {
            "score": 35.637697066314026,
            "char_order": 6,
            "word_order": 2,
            "beta": 2
        }
    }
}