{
    "model": "nllb-200-distilled-600M",
    "English": {
        "wer": 0.4306279133534412,
        "sacrebleu": {
            "score": 40.45700031471404,
            "counts": [
                14917,
                9696,
                6688,
                4700
            ],
            "totals": [
                20993,
                19981,
                18969,
                17957
            ],
            "precisions": [
                71.05701900633545,
                48.52609979480506,
                35.257525436238076,
                26.173637021774237
            ],
            "bp": 0.9578976555240233,
            "sys_len": 20993,
            "ref_len": 21896
        },
        "chr_f": {
            "score": 64.30332035160896,
            "char_order": 6,
            "word_order": 2,
            "beta": 2
        }
    },
    "Indonesian": {
        "wer": 0.404834142394822,
        "sacrebleu": {
            "score": 41.64821678323554,
            "counts": [
                13835,
                9053,
                6141,
                4278
            ],
            "totals": [
                19235,
                18223,
                17211,
                16199
            ],
            "precisions": [
                71.92617624122693,
                49.67897711683038,
                35.68066933937598,
                26.409037594913265
            ],
            "bp": 0.9722660360591436,
            "sys_len": 19235,
            "ref_len": 19776
        },
        "chr_f": {
            "score": 66.20527952290782,
            "char_order": 6,
            "word_order": 2,
            "beta": 2
        }
    }
}