{
    "model": "nllb-200-distilled-600M",
    "English": {
        "wer": 0.5443515217987387,
        "sacrebleu": {
            "score": 33.39041860545592,
            "counts": [
                27742,
                16536,
                10574,
                7000
            ],
            "totals": [
                43211,
                41187,
                39163,
                37139
            ],
            "precisions": [
                64.2012450533429,
                40.1485905746959,
                26.99997446569466,
                18.84811115000404
            ],
            "bp": 0.9866443385727749,
            "sys_len": 43211,
            "ref_len": 43792
        },
        "chr_f": {
            "score": 60.95435407107775,
            "char_order": 6,
            "word_order": 0,
            "beta": 2
        }
    },
    "Indonesian": {
        "wer": 0.404834142394822,
        "sacrebleu": {
            "score": 41.64821678323554,
            "counts": [
                13835,
                9053,
                6141,
                4278
            ],
            "totals": [
                19235,
                18223,
                17211,
                16199
            ],
            "precisions": [
                71.92617624122693,
                49.67897711683038,
                35.68066933937598,
                26.409037594913265
            ],
            "bp": 0.9722660360591436,
            "sys_len": 19235,
            "ref_len": 19776
        },
        "chr_f": {
            "score": 68.46175614857215,
            "char_order": 6,
            "word_order": 0,
            "beta": 2
        }
    }
}