{
    "model": "nllb-200-distilled-600M",
    "English": {
        "wer": 0.6580751302440362,
        "sacrebleu": {
            "score": 25.601536897593892,
            "counts": [
                12825,
                6840,
                3886,
                2300
            ],
            "totals": [
                22218,
                21206,
                20194,
                19182
            ],
            "precisions": [
                57.723467458817176,
                32.25502216353862,
                19.24333960582351,
                11.990407673860911
            ],
            "bp": 1.0,
            "sys_len": 22218,
            "ref_len": 21896
        },
        "chr_f": {
            "score": 52.99296535817136,
            "char_order": 6,
            "word_order": 2,
            "beta": 2
        }
    },
    "Mandarin Chinese": {
        "wer": 0.6714326321773735,
        "sacrebleu": {
            "score": 23.520456143187122,
            "counts": [
                16691,
                10185,
                6362,
                4244
            ],
            "totals": [
                25548,
                24536,
                23524,
                22512
            ],
            "precisions": [
                65.33192422107406,
                41.51043364851647,
                27.044720285665704,
                18.852167732764748
            ],
            "bp": 0.6859052273364913,
            "sys_len": 25548,
            "ref_len": 35180
        },
        "chr_f": {
            "score": 29.734953909526222,
            "char_order": 6,
            "word_order": 2,
            "beta": 2
        }
    }
}