{
    "model": "nllb-200-distilled-600M",
    "English": {
        "wer": 0.6580751302440362,
        "bleu": {
            "bleu": 0.25601536897593896,
            "precisions": [
                0.5772346745881718,
                0.3225502216353862,
                0.19243339605823512,
                0.11990407673860912
            ],
            "brevity_penalty": 1.0,
            "length_ratio": 1.0147058823529411,
            "translation_length": 22218,
            "reference_length": 21896
        }
    },
    "Mandarin Chinese": {
        "wer": 0.6563956793632746,
        "bleu": {
            "bleu": 0.2515336821126839,
            "precisions": [
                0.6643364790865665,
                0.43174192505154224,
                0.2896101159114858,
                0.2085589750363228
            ],
            "brevity_penalty": 0.693317902555524,
            "length_ratio": 0.7319215463331439,
            "translation_length": 25749,
            "reference_length": 35180
        }
    }
}