{
    "model": "nllb-200-distilled-600M",
    "English": {
        "wer": 0.5443515217987387,
        "sacrebleu": {
            "score": 33.39041860545592,
            "counts": [
                27742,
                16536,
                10574,
                7000
            ],
            "totals": [
                43211,
                41187,
                39163,
                37139
            ],
            "precisions": [
                64.2012450533429,
                40.1485905746959,
                26.99997446569466,
                18.84811115000404
            ],
            "bp": 0.9866443385727749,
            "sys_len": 43211,
            "ref_len": 43792
        },
        "chr_f": {
            "score": 60.95435407107775,
            "char_order": 6,
            "word_order": 0,
            "beta": 2
        }
    },
    "Mandarin Chinese": {
        "wer": 0.6714326321773735,
        "sacrebleu": {
            "score": 23.520456143187122,
            "counts": [
                16691,
                10185,
                6362,
                4244
            ],
            "totals": [
                25548,
                24536,
                23524,
                22512
            ],
            "precisions": [
                65.33192422107406,
                41.51043364851647,
                27.044720285665704,
                18.852167732764748
            ],
            "bp": 0.6859052273364913,
            "sys_len": 25548,
            "ref_len": 35180
        },
        "chr_f": {
            "score": 26.016034779154413,
            "char_order": 6,
            "word_order": 0,
            "beta": 2
        }
    }
}