{
    "model": "small100",
    "English": {
        "wer": 0.4798464491362764,
        "sacrebleu": {
            "score": 34.21694916638309,
            "counts": [
                14259,
                8506,
                5430,
                3558
            ],
            "totals": [
                21708,
                20696,
                19684,
                18672
            ],
            "precisions": [
                65.68546158098397,
                41.09972941631233,
                27.585856533224955,
                19.055269922879177
            ],
            "bp": 0.9913769915588065,
            "sys_len": 21708,
            "ref_len": 21896
        },
        "chr_f": {
            "score": 60.49960580605172,
            "char_order": 6,
            "word_order": 2,
            "beta": 2
        }
    },
    "Indonesian": {
        "wer": 0.43021844660194175,
        "sacrebleu": {
            "score": 38.016376181267255,
            "counts": [
                13358,
                8396,
                5510,
                3710
            ],
            "totals": [
                19495,
                18483,
                17471,
                16459
            ],
            "precisions": [
                68.52013336753014,
                45.425526159173295,
                31.537977219392136,
                22.54085910444134
            ],
            "bp": 0.9856894313963233,
            "sys_len": 19495,
            "ref_len": 19776
        },
        "chr_f": {
            "score": 63.82184428878629,
            "char_order": 6,
            "word_order": 2,
            "beta": 2
        }
    }
}