{
    "model": "small100",
    "English": {
        "wer": 0.5841559272461384,
        "sacrebleu": {
            "score": 27.66425864786536,
            "counts": [
                26223,
                14229,
                8378,
                5135
            ],
            "totals": [
                43720,
                41696,
                39672,
                37648
            ],
            "precisions": [
                59.97941445562672,
                34.125575594781274,
                21.118168985682598,
                13.63950276243094
            ],
            "bp": 0.9983545117528836,
            "sys_len": 43720,
            "ref_len": 43792
        },
        "chr_f": {
            "score": 57.50045003512483,
            "char_order": 6,
            "word_order": 0,
            "beta": 2
        }
    },
    "Mandarin Chinese": {
        "wer": 0.6477544059124503,
        "sacrebleu": {
            "score": 26.45108713984811,
            "counts": [
                19147,
                11235,
                6773,
                4331
            ],
            "totals": [
                31210,
                30198,
                29186,
                28174
            ],
            "precisions": [
                61.348926626081386,
                37.20445062586926,
                23.20633180291921,
                15.372329097749699
            ],
            "bp": 0.8805550606515746,
            "sys_len": 31210,
            "ref_len": 35180
        },
        "chr_f": {
            "score": 27.64561518855755,
            "char_order": 6,
            "word_order": 0,
            "beta": 2
        }
    }
}