{
    "model": "small100",
    "English": {
        "wer": 0.6884654053560003,
        "sacrebleu": {
            "score": 20.641993067704636,
            "counts": [
                11964,
                5723,
                2948,
                1577
            ],
            "totals": [
                22012,
                21000,
                19988,
                18976
            ],
            "precisions": [
                54.35217154279484,
                27.252380952380953,
                14.74884930958575,
                8.31049747048904
            ],
            "bp": 1.0,
            "sys_len": 22012,
            "ref_len": 21896
        },
        "chr_f": {
            "score": 49.26573726411513,
            "char_order": 6,
            "word_order": 2,
            "beta": 2
        }
    },
    "Mandarin Chinese": {
        "wer": 0.6477544059124503,
        "sacrebleu": {
            "score": 26.45108713984811,
            "counts": [
                19147,
                11235,
                6773,
                4331
            ],
            "totals": [
                31210,
                30198,
                29186,
                28174
            ],
            "precisions": [
                61.348926626081386,
                37.20445062586926,
                23.20633180291921,
                15.372329097749699
            ],
            "bp": 0.8805550606515746,
            "sys_len": 31210,
            "ref_len": 35180
        },
        "chr_f": {
            "score": 31.90363043619634,
            "char_order": 6,
            "word_order": 2,
            "beta": 2
        }
    }
}