{
    "model": "small100",
    "English": {
        "wer": 0.6884654053560003,
        "bleu": {
            "bleu": 0.20641993067704636,
            "precisions": [
                0.5435217154279484,
                0.2725238095238095,
                0.14748849309585751,
                0.0831049747048904
            ],
            "brevity_penalty": 1.0,
            "length_ratio": 1.005297771282426,
            "translation_length": 22012,
            "reference_length": 21896
        }
    },
    "Mandarin Chinese": {
        "wer": 0.6477544059124503,
        "bleu": {
            "bleu": 0.26451087139848095,
            "precisions": [
                0.6134892662608138,
                0.3720445062586926,
                0.23206331802919208,
                0.15372329097749698
            ],
            "brevity_penalty": 0.8805550606515746,
            "length_ratio": 0.8871517907902217,
            "translation_length": 31210,
            "reference_length": 35180
        }
    }
}